id,send_time
0,1687769373.1227925
1,1687769383.1231465
2,1687769393.1317284
3,1687769403.1402404
4,1687769413.1412485
5,1687769423.146037
6,1687769433.1551726
7,1687769443.1663961
8,1687769453.1797645
9,1687769463.1944342
10,1687769473.2062573
11,1687769483.2163866
12,1687769493.2299263
13,1687769503.2363038
14,1687769513.2457886
15,1687769523.2542026
16,1687769533.2591693
17,1687769543.2669206
18,1687769553.2671082
19,1687769563.2744179
20,1687769573.275218
21,1687769583.283639
22,1687769593.2895367
23,1687769603.303104
24,1687769613.3128738
25,1687769623.32275
26,1687769633.326927
27,1687769643.3402238
28,1687769653.343286
29,1687769663.3500595
30,1687769673.3568277
31,1687769683.3644183
32,1687769693.3753061
33,1687769703.375836
34,1687769713.3769457
35,1687769723.3788722
36,1687769733.3842404
37,1687769743.3958411
38,1687769753.40041
39,1687769763.4037309
40,1687769773.4094644
41,1687769783.413726
42,1687769793.4249547
43,1687769803.438699
44,1687769813.4430497
45,1687769823.4521499
46,1687769833.4620862
47,1687769843.4624965
48,1687769853.466183
49,1687769863.4806297
50,1687769873.4883218
51,1687769883.4935124
52,1687769893.5081291
53,1687769903.5193062
54,1687769913.5301335
55,1687769923.53597
56,1687769933.544324
57,1687769943.5503411
58,1687769953.5653727
59,1687769963.5803952
60,1687769973.5938442
61,1687769983.599553
62,1687769993.6038587
63,1687770003.613294
64,1687770013.6241221
65,1687770023.6296923
66,1687770033.6319072
67,1687770043.642337
68,1687770053.6515245
69,1687770063.6595652
70,1687770073.6704237
71,1687770083.6816573
72,1687770093.6830802
73,1687770103.6856863
74,1687770113.6859257
75,1687770123.6958683
76,1687770133.7083087
77,1687770143.7186234
78,1687770153.7285495
79,1687770163.7329817
80,1687770173.7439654
81,1687770183.7523189
82,1687770193.7551968
83,1687770203.757269
84,1687770213.766495
85,1687770223.7674544
86,1687770233.7767348
87,1687770243.7874205
88,1687770253.7963479
89,1687770263.7972286
90,1687770273.811394
91,1687770283.8233495
92,1687770293.8391726
93,1687770303.8479826
94,1687770313.8563275
95,1687770323.8649044
96,1687770333.8799083
97,1687770343.8845181
98,1687770353.8859718
99,1687770363.8908587
