id,receive_time
0,1687769373.4668322
1,1687769383.465685
2,1687769393.4680302
3,1687769403.4735243
4,1687769413.4799278
5,1687769423.512874
6,1687769433.5170248
7,1687769443.5371082
8,1687769453.5121624
9,1687769463.528615
10,1687769473.5470467
11,1687769483.561647
12,1687769493.5662618
13,1687769503.5725253
14,1687769513.5917876
15,1687769523.5971408
16,1687769533.6469417
17,1687769543.6371868
18,1687769553.6972823
19,1687769563.6454957
20,1687769573.6133819
21,1687769583.6846082
22,1687769593.6432464
23,1687769603.7949975
24,1687769613.6760077
25,1687769623.687745
26,1687769633.693967
27,1687769643.7053185
28,1687769653.7104366
29,1687769663.7023416
30,1687769673.765675
31,1687769683.7299166
32,1687769693.7336533
33,1687769703.8234775
34,1687769713.7514617
35,1687769723.7979028
36,1687769733.8191946
37,1687769743.8274105
38,1687769753.72915
39,1687769763.8571656
40,1687769773.8671885
41,1687769783.884221
42,1687769793.7821405
43,1687769803.7706068
44,1687769813.7942655
45,1687769823.7933133
46,1687769833.8173428
47,1687769843.8579957
48,1687769853.829267
49,1687769863.8316927
50,1687769873.9077737
51,1687769883.9241161
52,1687769893.844059
53,1687769903.9517827
54,1687769913.8774097
55,1687769923.8727977
56,1687769933.8772614
57,1687769943.885322
58,1687769953.9136944
59,1687769963.9297907
60,1687769973.9439092
61,1687769984.056772
62,1687769994.066317
63,1687770003.9559412
64,1687770013.9576495
65,1687770024.0116754
66,1687770033.9999087
67,1687770043.987495
68,1687770053.9882026
69,1687770064.0070689
70,1687770074.0781338
71,1687770084.0955226
72,1687770094.1089053
73,1687770104.127168
74,1687770114.1462917
75,1687770124.1517086
76,1687770134.04856
77,1687770144.063912
78,1687770154.065446
79,1687770164.0601053
80,1687770174.0882933
81,1687770184.0856931
82,1687770194.088005
83,1687770204.098368
84,1687770214.1139278
85,1687770224.095336
86,1687770234.1178627
87,1687770244.2140927
88,1687770254.2294328
89,1687770264.2441535
90,1687770274.146026
91,1687770284.1658566
92,1687770294.1808383
93,1687770304.1895177
94,1687770314.1942146
95,1687770324.20087
96,1687770334.2102027
97,1687770344.2544544
98,1687770354.2653801
99,1687770364.2916389
